"Random Forest","Valor p","CAR Score","Correlação Marginal","Correlação Parcial"
"SNP10","SNP10","SNP10","SNP10","SNP1000"
"SNP1","SNP1","SNP1","SNP1","SNP196"
"SNP30","SNP30","SNP30","SNP30","SNP967"
"SNP20","SNP20","SNP20","SNP20","SNP543"
"SNP50","SNP60","SNP60","SNP60","SNP223"
"SNP60","SNP177","SNP177","SNP177","SNP365"
"SNP530","SNP395","SNP395","SNP395","SNP813"
"SNP580","SNP995","SNP995","SNP995","SNP834"
"SNP937","SNP580","SNP580","SNP580","SNP800"
"SNP917","SNP121","SNP121","SNP121","SNP869"
"SNP462","SNP874","SNP874","SNP874","SNP732"
"SNP738","SNP22","SNP22","SNP22","SNP977"
"SNP359","SNP50","SNP50","SNP50","SNP838"
"SNP809","SNP973","SNP973","SNP973","SNP700"
"SNP133","SNP438","SNP438","SNP438","SNP303"
"SNP850","SNP335","SNP335","SNP335","SNP691"
"SNP223","SNP920","SNP920","SNP920","SNP467"
"SNP197","SNP686","SNP686","SNP686","SNP494"
"SNP572","SNP717","SNP717","SNP717","SNP44"
"SNP86","SNP921","SNP921","SNP921","SNP281"
"SNP985","SNP477","SNP477","SNP477","SNP377"
"SNP414","SNP930","SNP930","SNP930","SNP491"
"SNP667","SNP862","SNP862","SNP862","SNP581"
"SNP4","SNP873","SNP873","SNP873","SNP848"
"SNP303","SNP412","SNP412","SNP412","SNP576"
"SNP44","SNP141","SNP141","SNP141","SNP159"
"SNP292","SNP302","SNP302","SNP302","SNP492"
"SNP842","SNP260","SNP260","SNP260","SNP873"
"SNP472","SNP4","SNP4","SNP4","SNP405"
"SNP15","SNP814","SNP814","SNP814","SNP462"
"SNP869","SNP321","SNP321","SNP321","SNP824"
"SNP882","SNP325","SNP325","SNP325","SNP639"
"SNP563","SNP34","SNP34","SNP34","SNP195"
"SNP557","SNP959","SNP959","SNP959","SNP217"
"SNP258","SNP554","SNP554","SNP554","SNP789"
"SNP930","SNP414","SNP414","SNP414","SNP863"
"SNP516","SNP337","SNP337","SNP337","SNP357"
"SNP177","SNP945","SNP945","SNP945","SNP913"
"SNP76","SNP201","SNP201","SNP201","SNP702"
"SNP366","SNP225","SNP225","SNP225","SNP263"
"SNP845","SNP239","SNP239","SNP239","SNP504"
"SNP723","SNP642","SNP516","SNP642","SNP19"
"SNP996","SNP516","SNP642","SNP516","SNP85"
"SNP369","SNP397","SNP397","SNP397","SNP546"
"SNP865","SNP853","SNP853","SNP853","SNP486"
"SNP370","SNP662","SNP662","SNP662","SNP112"
"SNP251","SNP720","SNP720","SNP720","SNP198"
"SNP459","SNP968","SNP968","SNP968","SNP258"
"SNP367","SNP627","SNP627","SNP627","SNP463"
"SNP834","SNP556","SNP183","SNP556","SNP753"
"SNP995","SNP183","SNP556","SNP183","SNP439"
"SNP935","SNP925","SNP925","SNP925","SNP453"
"SNP92","SNP391","SNP391","SNP391","SNP274"
"SNP976","SNP66","SNP446","SNP66","SNP285"
"SNP526","SNP446","SNP66","SNP446","SNP172"
"SNP674","SNP909","SNP909","SNP909","SNP129"
"SNP969","SNP928","SNP928","SNP928","SNP170"
"SNP338","SNP104","SNP104","SNP104","SNP965"
"SNP168","SNP96","SNP96","SNP96","SNP252"
"SNP907","SNP126","SNP126","SNP126","SNP716"
"SNP510","SNP234","SNP234","SNP234","SNP529"
"SNP362","SNP269","SNP269","SNP269","SNP302"
"SNP504","SNP175","SNP175","SNP175","SNP390"
"SNP904","SNP825","SNP825","SNP825","SNP71"
"SNP226","SNP278","SNP278","SNP278","SNP897"
"SNP114","SNP792","SNP792","SNP792","SNP438"
"SNP486","SNP805","SNP805","SNP805","SNP436"
"SNP600","SNP114","SNP114","SNP114","SNP615"
"SNP898","SNP369","SNP790","SNP369","SNP619"
"SNP615","SNP370","SNP370","SNP370","SNP562"
"SNP159","SNP790","SNP369","SNP790","SNP295"
"SNP109","SNP274","SNP274","SNP274","SNP818"
"SNP26","SNP85","SNP85","SNP85","SNP386"
"SNP545","SNP33","SNP33","SNP33","SNP874"
"SNP751","SNP829","SNP829","SNP829","SNP431"
"SNP352","SNP648","SNP648","SNP648","SNP182"
"SNP638","SNP929","SNP929","SNP929","SNP698"
"SNP199","SNP15","SNP15","SNP15","SNP674"
"SNP332","SNP262","SNP262","SNP262","SNP958"
"SNP83","SNP907","SNP907","SNP907","SNP245"
"SNP982","SNP79","SNP79","SNP79","SNP823"
"SNP612","SNP982","SNP982","SNP982","SNP218"
"SNP544","SNP181","SNP748","SNP181","SNP422"
"SNP747","SNP748","SNP181","SNP748","SNP213"
"SNP881","SNP162","SNP162","SNP162","SNP781"
"SNP513","SNP856","SNP856","SNP856","SNP989"
"SNP24","SNP673","SNP673","SNP673","SNP640"
"SNP117","SNP755","SNP755","SNP755","SNP106"
"SNP694","SNP811","SNP988","SNP811","SNP900"
"SNP391","SNP988","SNP811","SNP988","SNP399"
"SNP944","SNP266","SNP714","SNP266","SNP327"
"SNP456","SNP714","SNP266","SNP714","SNP709"
"SNP584","SNP572","SNP572","SNP572","SNP916"
"SNP959","SNP969","SNP839","SNP969","SNP344"
"SNP256","SNP839","SNP969","SNP839","SNP101"
"SNP514","SNP681","SNP388","SNP681","SNP638"
"SNP403","SNP709","SNP709","SNP709","SNP124"
"SNP182","SNP388","SNP681","SNP388","SNP736"
"SNP832","SNP791","SNP791","SNP791","SNP663"
"SNP269","SNP888","SNP888","SNP888","SNP50"
"SNP364","SNP530","SNP305","SNP530","SNP177"
"SNP471","SNP305","SNP530","SNP305","SNP107"
"SNP866","SNP6","SNP6","SNP6","SNP649"
"SNP762","SNP480","SNP480","SNP480","SNP866"
"SNP753","SNP453","SNP694","SNP453","SNP764"
"SNP360","SNP694","SNP453","SNP694","SNP393"
"SNP110","SNP173","SNP173","SNP173","SNP629"
"SNP862","SNP52","SNP452","SNP52","SNP903"
"SNP611","SNP452","SNP52","SNP452","SNP675"
"SNP11","SNP483","SNP640","SNP483","SNP451"
"SNP967","SNP917","SNP483","SNP917","SNP694"
"SNP714","SNP640","SNP917","SNP640","SNP320"
"SNP502","SNP822","SNP822","SNP822","SNP606"
"SNP278","SNP801","SNP801","SNP801","SNP407"
"SNP65","SNP250","SNP250","SNP250","SNP484"
"SNP123","SNP949","SNP560","SNP949","SNP551"
"SNP341","SNP631","SNP949","SNP631","SNP105"
"SNP21","SNP372","SNP372","SNP372","SNP202"
"SNP962","SNP560","SNP631","SNP560","SNP509"
"SNP782","SNP77","SNP77","SNP77","SNP788"
"SNP662","SNP514","SNP514","SNP514","SNP128"
"SNP642","SNP192","SNP192","SNP192","SNP490"
"SNP805","SNP712","SNP564","SNP712","SNP953"
"SNP137","SNP564","SNP712","SNP564","SNP233"
"SNP655","SNP288","SNP288","SNP288","SNP859"
"SNP916","SNP495","SNP495","SNP495","SNP669"
"SNP77","SNP855","SNP855","SNP855","SNP883"
"SNP547","SNP876","SNP876","SNP876","SNP715"
"SNP653","SNP506","SNP506","SNP506","SNP12"
"SNP233","SNP999","SNP31","SNP999","SNP271"
"SNP608","SNP31","SNP831","SNP31","SNP884"
"SNP900","SNP831","SNP999","SNP831","SNP46"
"SNP214","SNP386","SNP523","SNP386","SNP228"
"SNP861","SNP523","SNP386","SNP523","SNP444"
"SNP423","SNP69","SNP69","SNP69","SNP891"
"SNP686","SNP240","SNP240","SNP240","SNP236"
"SNP576","SNP687","SNP687","SNP687","SNP300"
"SNP259","SNP184","SNP434","SNP184","SNP117"
"SNP963","SNP434","SNP137","SNP434","SNP338"
"SNP475","SNP137","SNP184","SNP137","SNP889"
"SNP418","SNP25","SNP531","SNP25","SNP348"
"SNP231","SNP531","SNP300","SNP531","SNP310"
"SNP973","SNP719","SNP719","SNP719","SNP18"
"SNP799","SNP300","SNP25","SNP300","SNP938"
"SNP402","SNP607","SNP693","SNP607","SNP416"
"SNP380","SNP693","SNP607","SNP693","SNP594"
"SNP549","SNP65","SNP972","SNP65","SNP209"
"SNP989","SNP387","SNP387","SNP387","SNP146"
"SNP195","SNP972","SNP818","SNP972","SNP257"
"SNP794","SNP818","SNP435","SNP818","SNP383"
"SNP290","SNP435","SNP65","SNP435","SNP662"
"SNP857","SNP138","SNP138","SNP138","SNP515"
"SNP754","SNP198","SNP198","SNP198","SNP248"
"SNP551","SNP557","SNP557","SNP557","SNP235"
"SNP675","SNP553","SNP553","SNP553","SNP211"
"SNP57","SNP764","SNP764","SNP764","SNP654"
"SNP28","SNP688","SNP688","SNP688","SNP342"
"SNP971","SNP402","SNP402","SNP402","SNP465"
"SNP633","SNP373","SNP373","SNP373","SNP676"
"SNP294","SNP918","SNP918","SNP918","SNP56"
"SNP669","SNP444","SNP444","SNP444","SNP317"
"SNP715","SNP532","SNP998","SNP532","SNP30"
"SNP7","SNP584","SNP584","SNP584","SNP804"
"SNP95","SNP998","SNP532","SNP998","SNP497"
"SNP434","SNP249","SNP249","SNP249","SNP84"
"SNP891","SNP586","SNP586","SNP586","SNP168"
"SNP921","SNP861","SNP861","SNP861","SNP622"
"SNP184","SNP122","SNP610","SNP122","SNP695"
"SNP796","SNP610","SNP384","SNP610","SNP976"
"SNP661","SNP384","SNP122","SNP384","SNP867"
"SNP908","SNP360","SNP360","SNP360","SNP137"
"SNP883","SNP105","SNP441","SNP105","SNP739"
"SNP618","SNP441","SNP105","SNP441","SNP513"
"SNP556","SNP51","SNP605","SNP51","SNP450"
"SNP413","SNP902","SNP51","SNP902","SNP981"
"SNP546","SNP605","SNP937","SNP605","SNP919"
"SNP778","SNP258","SNP258","SNP258","SNP329"
"SNP579","SNP937","SNP753","SNP937","SNP505"
"SNP539","SNP933","SNP902","SNP933","SNP898"
"SNP39","SNP753","SNP933","SNP753","SNP420"
"SNP607","SNP109","SNP467","SNP109","SNP185"
"SNP202","SNP467","SNP133","SNP467","SNP636"
"SNP672","SNP845","SNP845","SNP845","SNP339"
"SNP940","SNP133","SNP109","SNP133","SNP95"
"SNP915","SNP365","SNP365","SNP365","SNP378"
"SNP444","SNP628","SNP646","SNP628","SNP857"
"SNP90","SNP646","SNP628","SNP646","SNP901"
"SNP689","SNP989","SNP108","SNP989","SNP721"
"SNP851","SNP108","SNP202","SNP108","SNP188"
"SNP520","SNP202","SNP989","SNP202","SNP134"
"SNP909","SNP713","SNP984","SNP713","SNP276"
"SNP201","SNP984","SNP314","SNP984","SNP267"
"SNP276","SNP314","SNP961","SNP314","SNP154"
"SNP578","SNP13","SNP713","SNP13","SNP956"
"SNP417","SNP961","SNP13","SNP961","SNP316"
"SNP43","SNP9","SNP9","SNP9","SNP265"
"SNP519","SNP980","SNP980","SNP980","SNP797"
"SNP711","SNP739","SNP739","SNP739","SNP20"
"SNP560","SNP906","SNP906","SNP906","SNP483"
"SNP421","SNP539","SNP539","SNP539","SNP668"
"SNP630","SNP375","SNP238","SNP375","SNP682"
"SNP474","SNP182","SNP375","SNP182","SNP968"
"SNP320","SNP710","SNP710","SNP710","SNP540"
"SNP448","SNP238","SNP182","SNP238","SNP503"
"SNP872","SNP454","SNP454","SNP454","SNP495"
"SNP726","SNP186","SNP440","SNP186","SNP608"
"SNP950","SNP440","SNP186","SNP440","SNP890"
"SNP32","SNP992","SNP243","SNP992","SNP526"
"SNP422","SNP243","SNP992","SNP243","SNP865"
"SNP56","SNP938","SNP16","SNP938","SNP566"
"SNP390","SNP645","SNP328","SNP645","SNP45"
"SNP614","SNP328","SNP938","SNP328","SNP75"
"SNP541","SNP941","SNP941","SNP941","SNP772"
"SNP733","SNP16","SNP645","SNP16","SNP531"
"SNP505","SNP723","SNP723","SNP723","SNP151"
"SNP173","SNP125","SNP125","SNP125","SNP411"
"SNP901","SNP349","SNP349","SNP349","SNP791"
"SNP381","SNP555","SNP54","SNP555","SNP283"
"SNP142","SNP615","SNP555","SNP615","SNP618"
"SNP93","SNP54","SNP615","SNP54","SNP673"
"SNP558","SNP656","SNP899","SNP656","SNP222"
"SNP406","SNP899","SNP656","SNP899","SNP38"
"SNP138","SNP169","SNP896","SNP169","SNP730"
"SNP36","SNP896","SNP465","SNP896","SNP931"
"SNP454","SNP465","SNP169","SNP465","SNP144"
"SNP63","SNP602","SNP993","SNP602","SNP548"
"SNP798","SNP993","SNP602","SNP993","SNP524"
"SNP712","SNP389","SNP389","SNP389","SNP626"
"SNP196","SNP473","SNP473","SNP473","SNP184"
"SNP191","SNP393","SNP393","SNP393","SNP345"
"SNP791","SNP461","SNP265","SNP461","SNP599"
"SNP304","SNP265","SNP461","SNP265","SNP773"
"SNP627","SNP837","SNP837","SNP837","SNP780"
"SNP939","SNP364","SNP129","SNP364","SNP215"
"SNP991","SNP129","SNP692","SNP129","SNP985"
"SNP375","SNP854","SNP364","SNP854","SNP909"
"SNP875","SNP692","SNP854","SNP692","SNP520"
"SNP104","SNP128","SNP282","SNP128","SNP604"
"SNP431","SNP282","SNP354","SNP282","SNP121"
"SNP59","SNP354","SNP128","SNP354","SNP704"
"SNP178","SNP149","SNP149","SNP149","SNP473"
"SNP740","SNP750","SNP750","SNP750","SNP111"
"SNP353","SNP667","SNP344","SNP667","SNP440"
"SNP438","SNP344","SNP667","SNP344","SNP489"
"SNP853","SNP68","SNP118","SNP68","SNP912"
"SNP849","SNP118","SNP68","SNP118","SNP747"
"SNP609","SNP235","SNP235","SNP235","SNP534"
"SNP130","SNP766","SNP808","SNP766","SNP644"
"SNP205","SNP123","SNP123","SNP123","SNP528"
"SNP98","SNP808","SNP497","SNP808","SNP359"
"SNP949","SNP176","SNP766","SNP176","SNP625"
"SNP165","SNP497","SNP176","SNP497","SNP273"
"SNP583","SNP596","SNP850","SNP596","SNP432"
"SNP37","SNP56","SNP462","SNP56","SNP192"
"SNP496","SNP655","SNP56","SNP655","SNP160"
"SNP103","SNP462","SNP252","SNP462","SNP262"
"SNP194","SNP850","SNP655","SNP850","SNP943"
"SNP676","SNP252","SNP596","SNP252","SNP419"
"SNP836","SNP295","SNP295","SNP295","SNP878"
"SNP16","SNP437","SNP437","SNP437","SNP238"
"SNP189","SNP915","SNP915","SNP915","SNP671"
"SNP245","SNP218","SNP609","SNP218","SNP171"
"SNP368","SNP609","SNP218","SNP609","SNP81"
"SNP445","SNP420","SNP420","SNP420","SNP728"
"SNP46","SNP690","SNP690","SNP690","SNP921"
"SNP880","SNP71","SNP199","SNP71","SNP176"
"SNP691","SNP199","SNP71","SNP199","SNP796"
"SNP826","SNP286","SNP286","SNP286","SNP346"
"SNP636","SNP40","SNP875","SNP40","SNP932"
"SNP307","SNP72","SNP40","SNP72","SNP52"
"SNP316","SNP875","SNP72","SNP875","SNP794"
"SNP920","SNP744","SNP24","SNP744","SNP335"
"SNP953","SNP24","SNP744","SNP24","SNP55"
"SNP789","SNP11","SNP960","SNP11","SNP15"
"SNP135","SNP313","SNP313","SNP313","SNP779"
"SNP668","SNP960","SNP11","SNP960","SNP206"
"SNP112","SNP284","SNP594","SNP284","SNP603"
"SNP458","SNP594","SNP318","SNP594","SNP776"
"SNP864","SNP318","SNP284","SNP318","SNP99"
"SNP559","SNP161","SNP161","SNP161","SNP807"
"SNP33","SNP503","SNP503","SNP503","SNP207"
"SNP277","SNP407","SNP246","SNP407","SNP330"
"SNP981","SNP26","SNP407","SNP26","SNP973"
"SNP266","SNP246","SNP26","SNP246","SNP677"
"SNP606","SNP191","SNP191","SNP191","SNP368"
"SNP732","SNP472","SNP472","SNP472","SNP729"
"SNP379","SNP997","SNP200","SNP997","SNP613"
"SNP566","SNP635","SNP545","SNP635","SNP25"
"SNP825","SNP200","SNP635","SNP200","SNP888"
"SNP27","SNP324","SNP346","SNP324","SNP476"
"SNP786","SNP253","SNP28","SNP253","SNP692"
"SNP470","SNP28","SNP997","SNP28","SNP74"
"SNP181","SNP107","SNP324","SNP107","SNP89"
"SNP477","SNP545","SNP107","SNP545","SNP309"
"SNP889","SNP153","SNP153","SNP153","SNP7"
"SNP40","SNP346","SNP253","SNP346","SNP714"
"SNP212","SNP699","SNP699","SNP699","SNP907"
"SNP464","SNP139","SNP345","SNP139","SNP125"
"SNP783","SNP345","SNP139","SNP345","SNP72"
"SNP629","SNP510","SNP510","SNP510","SNP805"
"SNP610","SNP823","SNP823","SNP823","SNP842"
"SNP485","SNP215","SNP215","SNP215","SNP448"
"SNP186","SNP985","SNP985","SNP985","SNP259"
"SNP41","SNP57","SNP57","SNP57","SNP523"
"SNP824","SNP838","SNP838","SNP838","SNP268"
"SNP927","SNP171","SNP502","SNP171","SNP173"
"SNP681","SNP987","SNP171","SNP987","SNP367"
"SNP146","SNP502","SNP542","SNP502","SNP974"
"SNP280","SNP542","SNP987","SNP542","SNP60"
"SNP894","SNP725","SNP362","SNP725","SNP70"
"SNP717","SNP868","SNP293","SNP868","SNP459"
"SNP692","SNP293","SNP868","SNP293","SNP461"
"SNP482","SNP308","SNP358","SNP308","SNP641"
"SNP156","SNP362","SNP725","SNP362","SNP193"
"SNP331","SNP358","SNP308","SNP358","SNP375"
"SNP964","SNP63","SNP63","SNP63","SNP642"
"SNP528","SNP657","SNP886","SNP657","SNP656"
"SNP34","SNP705","SNP657","SNP705","SNP179"
"SNP896","SNP886","SNP583","SNP886","SNP774"
"SNP925","SNP268","SNP563","SNP268","SNP926"
"SNP816","SNP563","SNP705","SNP563","SNP466"
"SNP306","SNP583","SNP468","SNP583","SNP138"
"SNP773","SNP616","SNP268","SNP616","SNP630"
"SNP424","SNP468","SNP221","SNP468","SNP180"
"SNP743","SNP813","SNP813","SNP813","SNP593"
"SNP922","SNP221","SNP618","SNP221","SNP214"
"SNP469","SNP892","SNP17","SNP892","SNP76"
"SNP722","SNP17","SNP616","SNP17","SNP706"
"SNP987","SNP618","SNP892","SNP618","SNP768"
"SNP788","SNP663","SNP600","SNP663","SNP918"
"SNP326","SNP803","SNP803","SNP803","SNP304"
"SNP658","SNP600","SNP939","SNP600","SNP21"
"SNP680","SNP939","SNP663","SNP939","SNP614"
"SNP503","SNP570","SNP285","SNP570","SNP790"
"SNP876","SNP285","SNP570","SNP285","SNP156"
"SNP695","SNP905","SNP593","SNP905","SNP584"
"SNP285","SNP654","SNP905","SNP654","SNP885"
"SNP174","SNP604","SNP654","SNP604","SNP401"
"SNP229","SNP379","SNP597","SNP379","SNP998"
"SNP500","SNP593","SNP12","SNP593","SNP690"
"SNP868","SNP597","SNP379","SNP597","SNP443"
"SNP766","SNP12","SNP604","SNP12","SNP693"
"SNP859","SNP859","SNP859","SNP859","SNP686"
"SNP18","SNP333","SNP351","SNP333","SNP927"
"SNP581","SNP351","SNP788","SNP351","SNP471"
"SNP808","SNP996","SNP623","SNP996","SNP591"
"SNP210","SNP940","SNP940","SNP940","SNP282"
"SNP961","SNP733","SNP333","SNP733","SNP59"
"SNP344","SNP70","SNP576","SNP70","SNP923"
"SNP271","SNP623","SNP996","SNP623","SNP26"
"SNP268","SNP576","SNP70","SNP576","SNP341"
"SNP955","SNP788","SNP733","SNP788","SNP297"
"SNP167","SNP682","SNP913","SNP682","SNP717"
"SNP394","SNP913","SNP179","SNP913","SNP554"
"SNP45","SNP179","SNP967","SNP179","SNP646"
"SNP677","SNP967","SNP682","SNP967","SNP541"
"SNP643","SNP782","SNP332","SNP782","SNP190"
"SNP998","SNP890","SNP303","SNP890","SNP247"
"SNP746","SNP303","SNP782","SNP303","SNP34"
"SNP932","SNP332","SNP882","SNP332","SNP469"
"SNP405","SNP882","SNP890","SNP882","SNP24"
"SNP760","SNP684","SNP684","SNP684","SNP658"
"SNP187","SNP405","SNP405","SNP405","SNP477"
"SNP693","SNP730","SNP730","SNP730","SNP860"
"SNP171","SNP491","SNP491","SNP491","SNP181"
"SNP536","SNP666","SNP666","SNP666","SNP611"
"SNP720","SNP633","SNP840","SNP633","SNP914"
"SNP67","SNP840","SNP185","SNP840","SNP62"
"SNP555","SNP158","SNP633","SNP158","SNP819"
"SNP660","SNP644","SNP644","SNP644","SNP929"
"SNP449","SNP185","SNP158","SNP185","SNP148"
"SNP150","SNP948","SNP283","SNP948","SNP455"
"SNP704","SNP326","SNP548","SNP326","SNP735"
"SNP183","SNP458","SNP948","SNP458","SNP264"
"SNP416","SNP504","SNP326","SNP504","SNP705"
"SNP570","SNP283","SNP504","SNP283","SNP284"
"SNP169","SNP44","SNP44","SNP44","SNP556"
"SNP533","SNP548","SNP458","SNP548","SNP35"
"SNP365","SNP151","SNP151","SNP151","SNP628"
"SNP890","SNP423","SNP765","SNP423","SNP665"
"SNP821","SNP164","SNP164","SNP164","SNP648"
"SNP180","SNP765","SNP843","SNP765","SNP653"
"SNP419","SNP396","SNP423","SNP396","SNP33"
"SNP13","SNP417","SNP396","SNP417","SNP980"
"SNP790","SNP843","SNP223","SNP843","SNP672"
"SNP457","SNP81","SNP871","SNP81","SNP363"
"SNP912","SNP331","SNP417","SNP331","SNP514"
"SNP582","SNP223","SNP142","SNP223","SNP10"
"SNP807","SNP871","SNP636","SNP871","SNP864"
"SNP397","SNP142","SNP331","SNP142","SNP767"
"SNP767","SNP636","SNP81","SNP636","SNP758"
"SNP731","SNP466","SNP329","SNP466","SNP294"
"SNP897","SNP482","SNP582","SNP482","SNP836"
"SNP594","SNP329","SNP482","SNP329","SNP22"
"SNP952","SNP582","SNP101","SNP582","SNP572"
"SNP244","SNP492","SNP466","SNP492","SNP870"
"SNP771","SNP101","SNP492","SNP101","SNP787"
"SNP401","SNP512","SNP512","SNP512","SNP408"
"SNP501","SNP152","SNP152","SNP152","SNP350"
"SNP903","SNP877","SNP877","SNP877","SNP893"
"SNP144","SNP958","SNP958","SNP958","SNP754"
"SNP426","SNP732","SNP732","SNP732","SNP424"
"SNP565","SNP519","SNP519","SNP519","SNP963"
"SNP730","SNP537","SNP537","SNP537","SNP519"
"SNP337","SNP167","SNP432","SNP167","SNP558"
"SNP89","SNP432","SNP167","SNP432","SNP162"
"SNP837","SNP783","SNP212","SNP783","SNP652"
"SNP978","SNP197","SNP197","SNP197","SNP17"
"SNP823","SNP904","SNP783","SNP904","SNP157"
"SNP617","SNP653","SNP768","SNP653","SNP846"
"SNP847","SNP464","SNP904","SNP464","SNP971"
"SNP593","SNP768","SNP464","SNP768","SNP127"
"SNP719","SNP291","SNP291","SNP291","SNP647"
"SNP819","SNP247","SNP619","SNP247","SNP319"
"SNP5","SNP212","SNP653","SNP212","SNP279"
"SNP942","SNP590","SNP590","SNP590","SNP833"
"SNP127","SNP287","SNP287","SNP287","SNP37"
"SNP430","SNP359","SNP247","SNP359","SNP635"
"SNP703","SNP619","SNP367","SNP619","SNP13"
"SNP525","SNP367","SNP359","SNP367","SNP460"
"SNP538","SNP363","SNP363","SNP363","SNP906"
"SNP69","SNP869","SNP869","SNP869","SNP609"
"SNP70","SNP774","SNP774","SNP774","SNP355"
"SNP577","SNP735","SNP736","SNP735","SNP79"
"SNP684","SNP953","SNP953","SNP953","SNP545"
"SNP822","SNP297","SNP475","SNP297","SNP65"
"SNP855","SNP736","SNP737","SNP736","SNP343"
"SNP100","SNP475","SNP297","SNP475","SNP286"
"SNP164","SNP737","SNP735","SNP737","SNP761"
"SNP946","SNP767","SNP767","SNP767","SNP564"
"SNP960","SNP971","SNP971","SNP971","SNP582"
"SNP623","SNP208","SNP208","SNP208","SNP86"
"SNP943","SNP340","SNP891","SNP340","SNP999"
"SNP84","SNP891","SNP340","SNP891","SNP802"
"SNP858","SNP489","SNP489","SNP489","SNP651"
"SNP377","SNP439","SNP439","SNP439","SNP153"
"SNP710","SNP178","SNP178","SNP178","SNP512"
"SNP128","SNP398","SNP711","SNP398","SNP69"
"SNP515","SNP711","SNP398","SNP711","SNP332"
"SNP412","SNP296","SNP762","SNP296","SNP552"
"SNP53","SNP834","SNP834","SNP834","SNP64"
"SNP811","SNP706","SNP606","SNP706","SNP298"
"SNP176","SNP762","SNP622","SNP762","SNP881"
"SNP288","SNP334","SNP296","SNP334","SNP242"
"SNP313","SNP629","SNP424","SNP629","SNP221"
"SNP936","SNP606","SNP706","SNP606","SNP955"
"SNP741","SNP622","SNP334","SNP622","SNP349"
"SNP101","SNP424","SNP629","SNP424","SNP291"
"SNP291","SNP664","SNP664","SNP664","SNP592"
"SNP284","SNP172","SNP172","SNP172","SNP737"
"SNP340","SNP193","SNP193","SNP193","SNP769"
"SNP437","SNP166","SNP500","SNP166","SNP174"
"SNP336","SNP500","SNP166","SNP500","SNP830"
"SNP997","SNP2","SNP135","SNP2","SNP621"
"SNP484","SNP135","SNP2","SNP135","SNP734"
"SNP534","SNP903","SNP903","SNP903","SNP882"
"SNP134","SNP416","SNP416","SNP416","SNP366"
"SNP52","SNP816","SNP374","SNP816","SNP522"
"SNP974","SNP404","SNP281","SNP404","SNP990"
"SNP287","SNP374","SNP404","SNP374","SNP296"
"SNP688","SNP281","SNP816","SNP281","SNP724"
"SNP724","SNP119","SNP119","SNP119","SNP810"
"SNP383","SNP232","SNP232","SNP232","SNP445"
"SNP813","SNP541","SNP943","SNP541","SNP896"
"SNP707","SNP943","SNP541","SNP943","SNP2"
"SNP542","SNP611","SNP611","SNP611","SNP991"
"SNP99","SNP231","SNP587","SNP231","SNP899"
"SNP35","SNP621","SNP447","SNP621","SNP398"
"SNP141","SNP469","SNP621","SNP469","SNP464"
"SNP758","SNP447","SNP848","SNP447","SNP435"
"SNP752","SNP347","SNP347","SNP347","SNP844"
"SNP120","SNP587","SNP847","SNP587","SNP336"
"SNP260","SNP343","SNP469","SNP343","SNP751"
"SNP228","SNP848","SNP231","SNP848","SNP997"
"SNP330","SNP847","SNP343","SNP847","SNP792"
"SNP905","SNP29","SNP294","SNP29","SNP499"
"SNP29","SNP294","SNP392","SNP294","SNP116"
"SNP407","SNP41","SNP29","SNP41","SNP840"
"SNP274","SNP574","SNP106","SNP574","SNP533"
"SNP621","SNP392","SNP574","SNP392","SNP314"
"SNP91","SNP445","SNP486","SNP445","SNP782"
"SNP988","SNP486","SNP620","SNP486","SNP935"
"SNP678","SNP106","SNP535","SNP106","SNP379"
"SNP436","SNP535","SNP445","SNP535","SNP442"
"SNP739","SNP851","SNP241","SNP851","SNP32"
"SNP744","SNP102","SNP41","SNP102","SNP861"
"SNP358","SNP620","SNP524","SNP620","SNP340"
"SNP81","SNP241","SNP102","SNP241","SNP231"
"SNP755","SNP524","SNP857","SNP524","SNP454"
"SNP22","SNP658","SNP851","SNP658","SNP403"
"SNP206","SNP156","SNP860","SNP156","SNP771"
"SNP506","SNP860","SNP5","SNP860","SNP110"
"SNP870","SNP317","SNP156","SNP317","SNP847"
"SNP524","SNP857","SNP658","SNP857","SNP412"
"SNP804","SNP797","SNP442","SNP797","SNP237"
"SNP806","SNP5","SNP797","SNP5","SNP569"
"SNP622","SNP160","SNP317","SNP160","SNP944"
"SNP914","SNP442","SNP160","SNP442","SNP428"
"SNP435","SNP763","SNP763","SNP763","SNP482"
"SNP507","SNP827","SNP827","SNP827","SNP66"
"SNP300","SNP508","SNP168","SNP508","SNP493"
"SNP479","SNP885","SNP665","SNP885","SNP141"
"SNP254","SNP168","SNP508","SNP168","SNP260"
"SNP154","SNP922","SNP885","SNP922","SNP100"
"SNP239","SNP784","SNP19","SNP784","SNP966"
"SNP977","SNP561","SNP27","SNP561","SNP725"
"SNP54","SNP665","SNP922","SNP665","SNP83"
"SNP102","SNP27","SNP784","SNP27","SNP795"
"SNP172","SNP19","SNP561","SNP19","SNP633"
"SNP986","SNP718","SNP718","SNP718","SNP374"
"SNP972","SNP406","SNP406","SNP406","SNP380"
"SNP878","SNP298","SNP544","SNP298","SNP161"
"SNP906","SNP3","SNP3","SNP3","SNP433"
"SNP467","SNP544","SNP460","SNP544","SNP269"
"SNP411","SNP777","SNP421","SNP777","SNP251"
"SNP74","SNP773","SNP777","SNP773","SNP397"
"SNP657","SNP864","SNP298","SNP864","SNP744"
"SNP225","SNP130","SNP289","SNP130","SNP91"
"SNP673","SNP421","SNP715","SNP421","SNP132"
"SNP775","SNP460","SNP130","SNP460","SNP743"
"SNP236","SNP715","SNP581","SNP715","SNP876"
"SNP265","SNP289","SNP740","SNP289","SNP123"
"SNP293","SNP740","SNP14","SNP740","SNP995"
"SNP324","SNP581","SNP778","SNP581","SNP987"
"SNP295","SNP14","SNP773","SNP14","SNP710"
"SNP382","SNP136","SNP864","SNP136","SNP655"
"SNP429","SNP778","SNP979","SNP778","SNP911"
"SNP586","SNP73","SNP73","SNP73","SNP334"
"SNP517","SNP979","SNP136","SNP979","SNP480"
"SNP334","SNP78","SNP248","SNP78","SNP108"
"SNP483","SNP525","SNP88","SNP525","SNP964"
"SNP263","SNP248","SNP525","SNP248","SNP820"
"SNP585","SNP257","SNP78","SNP257","SNP429"
"SNP552","SNP88","SNP257","SNP88","SNP502"
"SNP350","SNP509","SNP509","SNP509","SNP887"
"SNP111","SNP716","SNP901","SNP716","SNP389"
"SNP564","SNP112","SNP83","SNP112","SNP90"
"SNP217","SNP538","SNP756","SNP538","SNP426"
"SNP281","SNP383","SNP538","SNP383","SNP210"
"SNP840","SNP901","SNP716","SNP901","SNP347"
"SNP321","SNP756","SNP496","SNP756","SNP372"
"SNP455","SNP496","SNP112","SNP496","SNP313"
"SNP439","SNP866","SNP383","SNP866","SNP798"
"SNP928","SNP83","SNP935","SNP83","SNP186"
"SNP6","SNP991","SNP991","SNP991","SNP511"
"SNP768","SNP935","SNP411","SNP935","SNP623"
"SNP994","SNP411","SNP866","SNP411","SNP376"
"SNP371","SNP319","SNP956","SNP319","SNP742"
"SNP385","SNP113","SNP377","SNP113","SNP740"
"SNP511","SNP377","SNP113","SNP377","SNP925"
"SNP933","SNP93","SNP319","SNP93","SNP699"
"SNP698","SNP625","SNP93","SNP625","SNP536"
"SNP553","SNP956","SNP625","SNP956","SNP23"
"SNP966","SNP277","SNP277","SNP277","SNP415"
"SNP478","SNP357","SNP908","SNP357","SNP681"
"SNP19","SNP908","SNP357","SNP908","SNP723"
"SNP62","SNP390","SNP401","SNP390","SNP220"
"SNP923","SNP401","SNP211","SNP401","SNP270"
"SNP839","SNP214","SNP390","SNP214","SNP421"
"SNP835","SNP211","SNP316","SNP211","SNP472"
"SNP554","SNP910","SNP214","SNP910","SNP685"
"SNP645","SNP316","SNP244","SNP316","SNP972"
"SNP729","SNP244","SNP671","SNP244","SNP498"
"SNP237","SNP148","SNP910","SNP148","SNP856"
"SNP797","SNP671","SNP932","SNP671","SNP765"
"SNP687","SNP134","SNP752","SNP134","SNP239"
"SNP888","SNP579","SNP579","SNP579","SNP659"
"SNP521","SNP932","SNP148","SNP932","SNP996"
"SNP596","SNP573","SNP134","SNP573","SNP620"
"SNP170","SNP752","SNP546","SNP752","SNP149"
"SNP737","SNP301","SNP490","SNP301","SNP946"
"SNP157","SNP546","SNP301","SNP546","SNP664"
"SNP647","SNP558","SNP87","SNP558","SNP831"
"SNP764","SNP490","SNP443","SNP490","SNP143"
"SNP713","SNP87","SNP188","SNP87","SNP851"
"SNP792","SNP188","SNP558","SNP188","SNP425"
"SNP590","SNP669","SNP573","SNP669","SNP325"
"SNP242","SNP443","SNP669","SNP443","SNP835"
"SNP919","SNP505","SNP418","SNP505","SNP992"
"SNP965","SNP418","SNP505","SNP418","SNP756"
"SNP129","SNP381","SNP529","SNP381","SNP600"
"SNP463","SNP659","SNP659","SNP659","SNP588"
"SNP378","SNP385","SNP728","SNP385","SNP722"
"SNP264","SNP529","SNP385","SNP529","SNP661"
"SNP204","SNP728","SNP936","SNP728","SNP140"
"SNP329","SNP42","SNP381","SNP42","SNP939"
"SNP856","SNP567","SNP75","SNP567","SNP244"
"SNP105","SNP950","SNP43","SNP950","SNP496"
"SNP200","SNP936","SNP42","SNP936","SNP718"
"SNP763","SNP923","SNP923","SNP923","SNP560"
"SNP984","SNP520","SNP567","SNP520","SNP306"
"SNP247","SNP43","SNP950","SNP43","SNP793"
"SNP481","SNP75","SNP520","SNP75","SNP337"
"SNP207","SNP430","SNP815","SNP430","SNP216"
"SNP800","SNP21","SNP21","SNP21","SNP567"
"SNP309","SNP499","SNP463","SNP499","SNP212"
"SNP827","SNP463","SNP652","SNP463","SNP849"
"SNP727","SNP652","SNP551","SNP652","SNP617"
"SNP124","SNP815","SNP430","SNP815","SNP135"
"SNP345","SNP99","SNP499","SNP99","SNP583"
"SNP980","SNP650","SNP911","SNP650","SNP941"
"SNP926","SNP551","SNP429","SNP551","SNP358"
"SNP312","SNP786","SNP650","SNP786","SNP446"
"SNP654","SNP429","SNP786","SNP429","SNP561"
"SNP999","SNP144","SNP824","SNP144","SNP277"
"SNP992","SNP824","SNP144","SNP824","SNP631"
"SNP587","SNP911","SNP99","SNP911","SNP315"
"SNP831","SNP963","SNP963","SNP963","SNP232"
"SNP924","SNP781","SNP781","SNP781","SNP680"
"SNP119","SNP263","SNP536","SNP263","SNP837"
"SNP605","SNP536","SNP256","SNP536","SNP544"
"SNP267","SNP323","SNP323","SNP323","SNP962"
"SNP879","SNP425","SNP425","SNP425","SNP904"
"SNP873","SNP378","SNP263","SNP378","SNP532"
"SNP325","SNP256","SNP585","SNP256","SNP910"
"SNP829","SNP585","SNP448","SNP585","SNP1"
"SNP66","SNP522","SNP356","SNP522","SNP894"
"SNP591","SNP974","SNP974","SNP974","SNP713"
"SNP701","SNP944","SNP378","SNP944","SNP595"
"SNP745","SNP356","SNP661","SNP356","SNP139"
"SNP48","SNP612","SNP700","SNP612","SNP164"
"SNP652","SNP700","SNP522","SNP700","SNP318"
"SNP108","SNP661","SNP612","SNP661","SNP41"
"SNP121","SNP80","SNP944","SNP80","SNP610"
"SNP38","SNP251","SNP431","SNP251","SNP741"
"SNP780","SNP696","SNP80","SNP696","SNP850"
"SNP175","SNP448","SNP251","SNP448","SNP726"
"SNP302","SNP431","SNP696","SNP431","SNP191"
"SNP846","SNP595","SNP595","SNP595","SNP518"
"SNP814","SNP487","SNP487","SNP487","SNP542"
"SNP94","SNP630","SNP952","SNP630","SNP458"
"SNP910","SNP207","SNP630","SNP207","SNP632"
"SNP706","SNP835","SNP799","SNP835","SNP843"
"SNP227","SNP757","SNP36","SNP757","SNP166"
"SNP670","SNP280","SNP280","SNP280","SNP387"
"SNP899","SNP952","SNP207","SNP952","SNP391"
"SNP685","SNP799","SNP394","SNP799","SNP126"
"SNP79","SNP451","SNP757","SNP451","SNP571"
"SNP85","SNP394","SNP451","SNP394","SNP517"
"SNP12","SNP526","SNP526","SNP526","SNP109"
"SNP671","SNP488","SNP165","SNP488","SNP845"
"SNP162","SNP36","SNP835","SNP36","SNP199"
"SNP736","SNP449","SNP449","SNP449","SNP535"
"SNP682","SNP577","SNP219","SNP577","SNP785"
"SNP49","SNP143","SNP488","SNP143","SNP402"
"SNP631","SNP865","SNP143","SNP865","SNP96"
"SNP527","SNP219","SNP577","SNP219","SNP821"
"SNP125","SNP165","SNP155","SNP165","SNP979"
"SNP843","SNP924","SNP924","SNP924","SNP155"
"SNP852","SNP543","SNP865","SNP543","SNP224"
"SNP192","SNP23","SNP543","SNP23","SNP934"
"SNP592","SNP155","SNP204","SNP155","SNP396"
"SNP73","SNP204","SNP23","SNP204","SNP605"
"SNP886","SNP376","SNP376","SNP376","SNP452"
"SNP664","SNP679","SNP679","SNP679","SNP201"
"SNP308","SNP76","SNP812","SNP76","SNP352"
"SNP990","SNP675","SNP76","SNP675","SNP908"
"SNP488","SNP61","SNP919","SNP61","SNP853"
"SNP734","SNP120","SNP513","SNP120","SNP229"
"SNP72","SNP919","SNP61","SNP919","SNP434"
"SNP415","SNP513","SNP675","SNP513","SNP103"
"SNP801","SNP812","SNP120","SNP812","SNP752"
"SNP535","SNP436","SNP436","SNP436","SNP67"
"SNP639","SNP174","SNP311","SNP174","SNP104"
"SNP749","SNP852","SNP852","SNP852","SNP449"
"SNP699","SNP787","SNP48","SNP787","SNP852"
"SNP548","SNP48","SNP245","SNP48","SNP230"
"SNP619","SNP474","SNP174","SNP474","SNP392"
"SNP126","SNP7","SNP474","SNP7","SNP683"
"SNP396","SNP311","SNP787","SNP311","SNP855"
"SNP361","SNP245","SNP7","SNP245","SNP385"
"SNP87","SNP279","SNP140","SNP279","SNP637"
"SNP838","SNP598","SNP279","SNP598","SNP57"
"SNP489","SNP261","SNP598","SNP261","SNP954"
"SNP198","SNP140","SNP261","SNP140","SNP93"
"SNP216","SNP608","SNP608","SNP608","SNP354"
"SNP648","SNP493","SNP887","SNP493","SNP565"
"SNP354","SNP552","SNP493","SNP552","SNP470"
"SNP461","SNP455","SNP455","SNP455","SNP36"
"SNP250","SNP807","SNP227","SNP807","SNP29"
"SNP78","SNP887","SNP893","SNP887","SNP54"
"SNP400","SNP95","SNP807","SNP95","SNP670"
"SNP450","SNP45","SNP552","SNP45","SNP826"
"SNP343","SNP227","SNP226","SNP227","SNP299"
"SNP663","SNP893","SNP45","SNP893","SNP666"
"SNP351","SNP970","SNP95","SNP970","SNP875"
"SNP376","SNP226","SNP978","SNP226","SNP63"
"SNP234","SNP746","SNP970","SNP746","SNP175"
"SNP209","SNP978","SNP747","SNP978","SNP48"
"SNP71","SNP747","SNP746","SNP747","SNP219"
"SNP887","SNP819","SNP819","SNP819","SNP189"
"SNP498","SNP879","SNP809","SNP879","SNP993"
"SNP640","SNP809","SNP32","SNP809","SNP530"
"SNP61","SNP754","SNP758","SNP754","SNP746"
"SNP42","SNP32","SNP528","SNP32","SNP915"
"SNP388","SNP528","SNP879","SNP528","SNP777"
"SNP211","SNP115","SNP754","SNP115","SNP784"
"SNP465","SNP758","SNP115","SNP758","SNP370"
"SNP355","SNP264","SNP912","SNP264","SNP557"
"SNP282","SNP206","SNP264","SNP206","SNP553"
"SNP453","SNP912","SNP817","SNP912","SNP362"
"SNP968","SNP817","SNP206","SNP817","SNP326"
"SNP153","SNP632","SNP749","SNP632","SNP360"
"SNP817","SNP947","SNP870","SNP947","SNP31"
"SNP970","SNP589","SNP966","SNP589","SNP404"
"SNP140","SNP749","SNP632","SNP749","SNP994"
"SNP389","SNP180","SNP589","SNP180","SNP183"
"SNP599","SNP966","SNP180","SNP966","SNP707"
"SNP497","SNP897","SNP947","SNP897","SNP272"
"SNP810","SNP870","SNP951","SNP870","SNP711"
"SNP602","SNP951","SNP897","SNP951","SNP748"
"SNP709","SNP965","SNP965","SNP965","SNP441"
"SNP149","SNP540","SNP540","SNP540","SNP68"
"SNP2","SNP131","SNP660","SNP131","SNP988"
"SNP155","SNP660","SNP842","SNP660","SNP246"
"SNP573","SNP403","SNP131","SNP403","SNP311"
"SNP895","SNP842","SNP707","SNP842","SNP328"
"SNP327","SNP707","SNP575","SNP707","SNP40"
"SNP512","SNP575","SNP403","SNP575","SNP822"
"SNP58","SNP350","SNP350","SNP350","SNP922"
"SNP440","SNP759","SNP86","SNP759","SNP537"
"SNP64","SNP86","SNP880","SNP86","SNP570"
"SNP272","SNP677","SNP685","SNP677","SNP854"
"SNP392","SNP880","SNP478","SNP880","SNP256"
"SNP132","SNP770","SNP485","SNP770","SNP308"
"SNP913","SNP478","SNP157","SNP478","SNP627"
"SNP261","SNP485","SNP759","SNP485","SNP131"
"SNP757","SNP942","SNP697","SNP942","SNP650"
"SNP442","SNP697","SNP677","SNP697","SNP413"
"SNP68","SNP566","SNP770","SNP566","SNP142"
"SNP166","SNP272","SNP942","SNP272","SNP80"
"SNP118","SNP957","SNP566","SNP957","SNP738"
"SNP301","SNP685","SNP272","SNP685","SNP240"
"SNP374","SNP157","SNP738","SNP157","SNP936"
"SNP315","SNP738","SNP571","SNP738","SNP778"
"SNP820","SNP352","SNP957","SNP352","SNP969"
"SNP283","SNP881","SNP352","SNP881","SNP949"
"SNP597","SNP571","SNP881","SNP571","SNP394"
"SNP902","SNP900","SNP195","SNP900","SNP468"
"SNP649","SNP195","SNP900","SNP195","SNP811"
"SNP409","SNP761","SNP761","SNP761","SNP986"
"SNP828","SNP743","SNP743","SNP743","SNP920"
"SNP139","SNP846","SNP550","SNP846","SNP806"
"SNP518","SNP550","SNP846","SNP550","SNP507"
"SNP298","SNP94","SNP94","SNP94","SNP689"
"SNP948","SNP163","SNP259","SNP163","SNP598"
"SNP25","SNP745","SNP145","SNP745","SNP763"
"SNP398","SNP259","SNP163","SNP259","SNP226"
"SNP716","SNP145","SNP428","SNP145","SNP324"
"SNP770","SNP8","SNP745","SNP8","SNP733"
"SNP238","SNP962","SNP8","SNP962","SNP457"
"SNP51","SNP428","SNP962","SNP428","SNP868"
"SNP441","SNP760","SNP760","SNP760","SNP488"
"SNP322","SNP366","SNP795","SNP366","SNP829"
"SNP230","SNP810","SNP810","SNP810","SNP381"
"SNP874","SNP795","SNP366","SNP795","SNP307"
"SNP384","SNP189","SNP591","SNP189","SNP678"
"SNP574","SNP217","SNP189","SNP217","SNP945"
"SNP279","SNP591","SNP217","SNP591","SNP152"
"SNP756","SNP479","SNP479","SNP479","SNP147"
"SNP75","SNP634","SNP634","SNP634","SNP549"
"SNP656","SNP409","SNP501","SNP409","SNP801"
"SNP632","SNP501","SNP409","SNP501","SNP827"
"SNP115","SNP310","SNP800","SNP310","SNP951"
"SNP628","SNP800","SNP310","SNP800","SNP783"
"SNP784","SNP400","SNP307","SNP400","SNP169"
"SNP595","SNP559","SNP400","SNP559","SNP957"
"SNP179","SNP307","SNP341","SNP307","SNP447"
"SNP8","SNP341","SNP419","SNP341","SNP187"
"SNP399","SNP419","SNP599","SNP419","SNP808"
"SNP487","SNP983","SNP727","SNP983","SNP227"
"SNP348","SNP547","SNP674","SNP547","SNP579"
"SNP270","SNP727","SNP547","SNP727","SNP418"
"SNP395","SNP674","SNP103","SNP674","SNP697"
"SNP346","SNP975","SNP559","SNP975","SNP982"
"SNP452","SNP599","SNP304","SNP599","SNP58"
"SNP446","SNP704","SNP704","SNP704","SNP28"
"SNP508","SNP304","SNP983","SNP304","SNP253"
"SNP884","SNP103","SNP975","SNP103","SNP688"
"SNP240","SNP772","SNP772","SNP772","SNP871"
"SNP356","SNP74","SNP789","SNP74","SNP120"
"SNP931","SNP789","SNP74","SNP789","SNP49"
"SNP571","SNP569","SNP569","SNP569","SNP102"
"SNP273","SNP729","SNP804","SNP729","SNP225"
"SNP569","SNP804","SNP729","SNP804","SNP406"
"SNP993","SNP794","SNP863","SNP794","SNP624"
"SNP540","SNP456","SNP456","SNP456","SNP539"
"SNP844","SNP213","SNP213","SNP213","SNP118"
"SNP318","SNP741","SNP382","SNP741","SNP708"
"SNP447","SNP863","SNP794","SNP863","SNP568"
"SNP275","SNP382","SNP292","SNP382","SNP712"
"SNP589","SNP98","SNP82","SNP98","SNP94"
"SNP867","SNP292","SNP741","SNP292","SNP97"
"SNP705","SNP643","SNP643","SNP643","SNP573"
"SNP410","SNP336","SNP98","SNP336","SNP720"
"SNP323","SNP368","SNP785","SNP368","SNP984"
"SNP387","SNP312","SNP336","SNP312","SNP950"
"SNP561","SNP785","SNP368","SNP785","SNP410"
"SNP779","SNP82","SNP312","SNP82","SNP684"
"SNP23","SNP361","SNP205","SNP361","SNP886"
"SNP871","SNP498","SNP498","SNP498","SNP983"
"SNP249","SNP205","SNP361","SNP205","SNP4"
"SNP161","SNP776","SNP271","SNP776","SNP961"
"SNP305","SNP271","SNP457","SNP271","SNP559"
"SNP841","SNP267","SNP267","SNP267","SNP98"
"SNP476","SNP457","SNP511","SNP457","SNP353"
"SNP480","SNP647","SNP776","SNP647","SNP42"
"SNP523","SNP511","SNP647","SNP511","SNP862"
"SNP748","SNP722","SNP672","SNP722","SNP288"
"SNP696","SNP672","SNP578","SNP672","SNP839"
"SNP243","SNP273","SNP731","SNP273","SNP828"
"SNP892","SNP731","SNP132","SNP731","SNP645"
"SNP659","SNP578","SNP722","SNP578","SNP292"
"SNP537","SNP898","SNP255","SNP898","SNP917"
"SNP158","SNP255","SNP273","SNP255","SNP197"
"SNP604","SNP793","SNP518","SNP793","SNP547"
"SNP774","SNP132","SNP830","SNP132","SNP749"
"SNP803","SNP518","SNP793","SNP518","SNP150"
"SNP335","SNP826","SNP898","SNP826","SNP815"
"SNP213","SNP830","SNP826","SNP830","SNP241"
"SNP759","SNP742","SNP427","SNP742","SNP803"
"SNP665","SNP798","SNP62","SNP798","SNP255"
"SNP404","SNP427","SNP742","SNP427","SNP478"
"SNP776","SNP62","SNP798","SNP62","SNP323"
"SNP795","SNP775","SNP603","SNP775","SNP88"
"SNP136","SNP146","SNP872","SNP146","SNP616"
"SNP220","SNP872","SNP568","SNP872","SNP775"
"SNP641","SNP603","SNP775","SNP603","SNP388"
"SNP286","SNP568","SNP146","SNP568","SNP289"
"SNP863","SNP422","SNP931","SNP422","SNP970"
"SNP718","SNP210","SNP210","SNP210","SNP331"
"SNP203","SNP626","SNP626","SNP626","SNP293"
"SNP951","SNP931","SNP779","SNP931","SNP234"
"SNP650","SNP916","SNP422","SNP916","SNP731"
"SNP833","SNP779","SNP916","SNP779","SNP243"
"SNP317","SNP159","SNP159","SNP159","SNP261"
"SNP314","SNP562","SNP371","SNP562","SNP333"
"SNP781","SNP371","SNP562","SNP371","SNP586"
"SNP80","SNP342","SNP342","SNP342","SNP578"
"SNP666","SNP641","SNP641","SNP641","SNP417"
"SNP190","SNP353","SNP678","SNP353","SNP812"
"SNP531","SNP678","SNP701","SNP678","SNP601"
"SNP88","SNP701","SNP426","SNP701","SNP369"
"SNP625","SNP222","SNP353","SNP222","SNP87"
"SNP983","SNP426","SNP841","SNP426","SNP879"
"SNP708","SNP592","SNP222","SNP592","SNP287"
"SNP947","SNP459","SNP154","SNP459","SNP11"
"SNP683","SNP841","SNP49","SNP841","SNP163"
"SNP830","SNP49","SNP796","SNP49","SNP356"
"SNP299","SNP588","SNP592","SNP588","SNP750"
"SNP562","SNP990","SNP588","SNP990","SNP809"
"SNP342","SNP796","SNP981","SNP796","SNP701"
"SNP550","SNP270","SNP459","SNP270","SNP254"
"SNP122","SNP154","SNP270","SNP154","SNP82"
"SNP646","SNP926","SNP990","SNP926","SNP589"
"SNP938","SNP981","SNP926","SNP981","SNP53"
"SNP509","SNP410","SNP224","SNP410","SNP474"
"SNP96","SNP322","SNP410","SNP322","SNP61"
"SNP219","SNP224","SNP769","SNP224","SNP516"
"SNP499","SNP413","SNP322","SNP413","SNP487"
"SNP598","SNP769","SNP299","SNP769","SNP590"
"SNP603","SNP946","SNP946","SNP946","SNP696"
"SNP728","SNP339","SNP413","SNP339","SNP657"
"SNP420","SNP565","SNP339","SNP565","SNP280"
"SNP697","SNP299","SNP565","SNP299","SNP937"
"SNP644","SNP964","SNP964","SNP964","SNP902"
"SNP957","SNP380","SNP380","SNP380","SNP880"
"SNP877","SNP309","SNP309","SNP309","SNP204"
"SNP848","SNP698","SNP698","SNP698","SNP585"
"SNP601","SNP276","SNP399","SNP276","SNP301"
"SNP262","SNP399","SNP276","SNP399","SNP481"
"SNP235","SNP515","SNP515","SNP515","SNP892"
"SNP47","SNP187","SNP954","SNP187","SNP77"
"SNP750","SNP954","SNP187","SNP954","SNP817"
"SNP221","SNP601","SNP601","SNP601","SNP766"
"SNP246","SNP639","SNP37","SNP639","SNP841"
"SNP372","SNP37","SNP639","SNP37","SNP858"
"SNP588","SNP116","SNP521","SNP116","SNP759"
"SNP769","SNP549","SNP55","SNP549","SNP607"
"SNP31","SNP55","SNP116","SNP55","SNP8"
"SNP152","SNP521","SNP651","SNP521","SNP814"
"SNP620","SNP450","SNP450","SNP450","SNP373"
"SNP296","SNP702","SNP702","SNP702","SNP727"
"SNP349","SNP651","SNP549","SNP651","SNP587"
"SNP148","SNP613","SNP348","SNP613","SNP760"
"SNP493","SNP306","SNP89","SNP306","SNP500"
"SNP55","SNP348","SNP236","SNP348","SNP322"
"SNP893","SNP433","SNP613","SNP433","SNP940"
"SNP218","SNP89","SNP534","SNP89","SNP679"
"SNP793","SNP236","SNP203","SNP236","SNP755"
"SNP721","SNP203","SNP433","SNP203","SNP596"
"SNP929","SNP242","SNP242","SNP242","SNP384"
"SNP492","SNP100","SNP306","SNP100","SNP73"
"SNP885","SNP914","SNP100","SNP914","SNP745"
"SNP529","SNP703","SNP914","SNP703","SNP597"
"SNP188","SNP534","SNP228","SNP534","SNP92"
"SNP495","SNP228","SNP703","SNP228","SNP905"
"SNP373","SNP836","SNP836","SNP836","SNP133"
"SNP522","SNP327","SNP327","SNP327","SNP770"
"SNP107","SNP670","SNP889","SNP670","SNP395"
"SNP777","SNP38","SNP806","SNP38","SNP786"
"SNP255","SNP806","SNP196","SNP806","SNP158"
"SNP311","SNP196","SNP97","SNP196","SNP757"
"SNP147","SNP977","SNP977","SNP977","SNP47"
"SNP624","SNP97","SNP46","SNP97","SNP361"
"SNP215","SNP889","SNP38","SNP889","SNP115"
"SNP490","SNP58","SNP670","SNP58","SNP538"
"SNP143","SNP46","SNP828","SNP46","SNP825"
"SNP785","SNP828","SNP58","SNP828","SNP136"
"SNP818","SNP695","SNP878","SNP695","SNP14"
"SNP460","SNP878","SNP695","SNP878","SNP978"
"SNP386","SNP229","SNP934","SNP229","SNP178"
"SNP616","SNP934","SNP275","SNP934","SNP43"
"SNP363","SNP895","SNP895","SNP895","SNP321"
"SNP473","SNP330","SNP315","SNP330","SNP400"
"SNP339","SNP230","SNP229","SNP230","SNP947"
"SNP918","SNP315","SNP237","SNP315","SNP719"
"SNP193","SNP471","SNP330","SNP471","SNP550"
"SNP131","SNP237","SNP721","SNP237","SNP479"
"SNP319","SNP721","SNP884","SNP721","SNP351"
"SNP765","SNP884","SNP230","SNP884","SNP382"
"SNP725","SNP275","SNP858","SNP275","SNP9"
"SNP113","SNP858","SNP471","SNP858","SNP660"
"SNP690","SNP751","SNP124","SNP751","SNP423"
"SNP160","SNP734","SNP734","SNP734","SNP527"
"SNP911","SNP124","SNP955","SNP124","SNP602"
"SNP494","SNP683","SNP84","SNP683","SNP3"
"SNP466","SNP955","SNP683","SNP955","SNP312"
"SNP651","SNP18","SNP617","SNP18","SNP948"
"SNP761","SNP290","SNP751","SNP290","SNP305"
"SNP163","SNP216","SNP18","SNP216","SNP575"
"SNP637","SNP617","SNP290","SNP617","SNP506"
"SNP772","SNP84","SNP216","SNP84","SNP634"
"SNP428","SNP680","SNP338","SNP680","SNP612"
"SNP468","SNP338","SNP833","SNP338","SNP208"
"SNP451","SNP833","SNP976","SNP833","SNP414"
"SNP357","SNP976","SNP680","SNP976","SNP667"
"SNP82","SNP147","SNP147","SNP147","SNP525"
"SNP634","SNP320","SNP638","SNP320","SNP113"
"SNP347","SNP527","SNP527","SNP527","SNP78"
"SNP116","SNP638","SNP170","SNP638","SNP39"
"SNP208","SNP117","SNP986","SNP117","SNP959"
"SNP613","SNP170","SNP320","SNP170","SNP200"
"SNP802","SNP986","SNP117","SNP986","SNP924"
"SNP787","SNP832","SNP832","SNP832","SNP203"
"SNP253","SNP220","SNP927","SNP220","SNP5"
"SNP543","SNP771","SNP220","SNP771","SNP799"
"SNP568","SNP637","SNP771","SNP637","SNP510"
"SNP297","SNP111","SNP637","SNP111","SNP249"
"SNP257","SNP927","SNP691","SNP927","SNP51"
"SNP491","SNP533","SNP111","SNP533","SNP371"
"SNP979","SNP691","SNP254","SNP691","SNP205"
"SNP145","SNP91","SNP190","SNP91","SNP577"
"SNP700","SNP190","SNP408","SNP190","SNP960"
"SNP934","SNP254","SNP494","SNP254","SNP928"
"SNP328","SNP494","SNP470","SNP494","SNP508"
"SNP635","SNP355","SNP91","SNP355","SNP933"
"SNP567","SNP90","SNP90","SNP90","SNP278"
"SNP854","SNP408","SNP533","SNP408","SNP485"
"SNP575","SNP470","SNP849","SNP470","SNP122"
"SNP310","SNP110","SNP355","SNP110","SNP6"
"SNP252","SNP517","SNP110","SNP517","SNP521"
"SNP626","SNP507","SNP894","SNP507","SNP194"
"SNP443","SNP668","SNP517","SNP668","SNP703"
"SNP97","SNP47","SNP476","SNP47","SNP975"
"SNP735","SNP894","SNP507","SNP894","SNP266"
"SNP815","SNP883","SNP883","SNP883","SNP119"
"SNP433","SNP849","SNP668","SNP849","SNP27"
"SNP945","SNP476","SNP676","SNP476","SNP409"
"SNP224","SNP484","SNP47","SNP484","SNP930"
"SNP812","SNP676","SNP92","SNP676","SNP563"
"SNP222","SNP92","SNP624","SNP92","SNP16"
"SNP185","SNP624","SNP194","SNP624","SNP364"
"SNP941","SNP59","SNP484","SNP59","SNP643"
"SNP425","SNP481","SNP59","SNP481","SNP952"
"SNP702","SNP802","SNP233","SNP802","SNP877"
"SNP408","SNP233","SNP481","SNP233","SNP290"
"SNP14","SNP194","SNP802","SNP194","SNP130"
"SNP532","SNP35","SNP35","SNP35","SNP895"
"SNP333","SNP780","SNP780","SNP780","SNP165"
"SNP860","SNP821","SNP867","SNP821","SNP437"
"SNP17","SNP209","SNP1000","SNP209","SNP872"
"SNP427","SNP867","SNP649","SNP867","SNP832"
"SNP975","SNP844","SNP64","SNP844","SNP475"
"SNP954","SNP708","SNP994","SNP708","SNP145"
"SNP956","SNP64","SNP821","SNP64","SNP114"
"SNP241","SNP1000","SNP708","SNP1000","SNP574"
"SNP742","SNP820","SNP209","SNP820","SNP250"
"SNP151","SNP649","SNP39","SNP649","SNP816"
"SNP9","SNP724","SNP820","SNP724","SNP762"
"SNP106","SNP994","SNP844","SNP994","SNP501"
"SNP958","SNP614","SNP724","SNP614","SNP456"
"SNP248","SNP39","SNP415","SNP39","SNP580"
"SNP393","SNP67","SNP689","SNP67","SNP942"
"SNP232","SNP415","SNP614","SNP415","SNP427"
"SNP289","SNP689","SNP67","SNP689","SNP555"
"SNP1000","SNP53","SNP726","SNP53","SNP167"
"SNP679","SNP150","SNP150","SNP150","SNP687"
"SNP432","SNP726","SNP53","SNP726","SNP275"
"SNP3","SNP127","SNP127","SNP127","SNP430"
